75,ae,2.0,0.0,7.0,0.0,2.0,0.0,14.0,2,2.038582891650116e-09,0.0036469609869940727,0.9963530369744229
75,o,1.0,1.0,4.0,1.0,1.0,1.0,13.0,1,1.98016899771826e-09,0.7364228343209881,0.2635771636988428
75,lus,1.0,1.0,5.0,2.0,0.0,2.0,12.0,1,6.178853203626807e-10,0.910125987307329,0.08987401207478567
75,haec,2.0,2.0,7.0,0.0,0.0,3.0,11.0,2,3.8014550535226094e-11,0.00042021353705022657,0.9995797864249355
75,cont,1.0,2.5,4.0,0.0,1.0,4.0,10.0,2,7.10587598620932e-11,0.0013743935467162797,0.9986256063822249
75,ra,1.0,1.0,1.0,1.0,0.0,5.0,9.0,2,5.786004222064891e-09,0.25616164552472936,0.7438383486892663
75,tu,1.0,0.0,5.0,0.0,1.0,6.0,8.0,1,2.0997806468464173e-08,0.9637110432225461,0.03628893577964757
75,us,1.0,1.0,5.0,1.0,0.0,7.0,7.0,2,3.0640094880396705e-09,0.30075190144117425,0.6992480954948163
75,o,1.0,1.0,4.0,0.0,0.0,8.0,6.0,2,1.2913207239993264e-09,0.1626418260703837,0.8373581726382956
75,re,1.0,1.0,2.0,0.0,2.0,9.0,5.0,2,9.362934321725581e-11,0.09193685469231365,0.9080631452140568
75,gi,1.0,1.0,3.0,1.0,1.0,10.0,4.0,2,3.219221531360728e-10,0.12100418543379236,0.8789958142442855
75,na,1.0,1.0,1.0,2.0,0.0,11.0,3.0,1,7.730513365483408e-12,0.9965515501194102,0.0034484498728592126
75,quid,1.0,1.0,3.0,0.0,0.0,12.0,2.0,1,1.8864903750203327e-11,0.9866685395860181,0.013331460395117097
75,op,1.0,2.0,4.0,0.0,1.0,13.0,1.0,2,7.378797615371357e-12,9.813020409401693e-05,0.9999018697885272
75,tes,1.0,1.0,2.0,1.0,0.0,14.0,0.0,1,3.8404730171477855e-10,0.7968839381385231,0.20311606147742975
76,exp,1.0,3.5,2.0,0.0,3.0,0.0,15.0,2,1.8175972207586872e-11,4.367819780270129e-05,0.9999563217840214
76,lo,1.0,1.0,4.0,1.0,2.0,1.0,14.0,1,1.0886159027298667e-09,0.9143335904139589,0.085666408497425
76,ra,1.0,1.0,1.0,2.0,1.0,2.0,13.0,1,1.5856887834108446e-09,0.6338488625660554,0.36615113584825576
76,re,1.0,1.0,2.0,3.0,0.0,3.0,12.0,1,1.4027992578230837e-09,0.7723893596078423,0.22761063898935852
76,la,1.0,1.0,1.0,0.0,1.0,4.0,11.0,1,4.296200723077859e-09,0.6970418111819958,0.3029581845218034
76,bor,1.0,2.0,4.0,1.0,0.0,5.0,10.0,2,2.068063125038725e-10,0.0040807007111005504,0.9959192990820933
76,mi,1.0,0.0,3.0,0.0,1.0,6.0,9.0,1,2.124188479354842e-08,0.9893323173699886,0.01066766138812655
76,hi,0.0,0.0,3.0,1.0,0.0,7.0,8.0,0,0.9999283451747065,5.254726295953132e-05,1.9107562334034642e-05
76,jus,1.0,2.0,5.0,0.0,2.0,8.0,7.0,2,4.774981198464452e-10,0.03141945392385963,0.9685805455986424
76,sa,1.0,1.0,1.0,1.0,0.0,9.0,6.0,1,7.003606809402308e-10,0.5441261626115544,0.45587383668808484
76,ca,1.0,1.0,1.0,0.0,3.0,10.0,5.0,2,6.349531226120262e-11,0.11119753073819404,0.8888024691983107
76,pes,1.0,2.0,2.0,1.0,2.0,11.0,4.0,2,4.571222303708496e-11,0.0020512635292749925,0.9979487364250127
76,se,1.0,1.0,2.0,2.0,1.0,12.0,3.0,1,3.4469602798764347e-12,0.99777586890442,0.0022241310921332735
76,re,1.0,1.0,2.0,3.0,0.0,13.0,2.0,1,1.8173784054409703e-12,0.999736620943984,0.0002633790541985727
76,fas,1.0,1.0,1.0,0.0,0.0,14.0,1.0,2,1.482410651095245e-10,0.02209170874034507,0.9779082911114139
76,est,1.0,2.0,2.0,0.0,0.0,15.0,0.0,2,1.66626078924328e-11,0.0026422222409672566,0.9973577777423699
77,tu,1.0,1.0,5.0,0.0,0.0,0.0,14.0,2,6.917060323577775e-11,0.002041790985392042,0.9979582089454374
77,mi,1.0,0.0,3.0,0.0,1.0,1.0,13.0,1,1.9225720680842475e-08,0.9949418793341985,0.005058101440080961
77,hi,1.0,1.0,3.0,1.0,0.0,2.0,12.0,1,1.6088046471657418e-09,0.872969291561453,0.1270307068297424
77,quod,1.0,2.0,4.0,0.0,2.0,3.0,11.0,2,1.9545701372402705e-10,0.001556046515965096,0.9984439532885777
77,cum,1.0,2.0,5.0,1.0,1.0,4.0,10.0,2,8.036691288827386e-10,0.04407416287313441,0.9559258363231964
77,que,0.0,0.0,2.0,2.0,0.0,5.0,9.0,0,0.9999991368935829,7.441078300227212e-07,1.1899858806450922e-07
77,hoc,1.0,1.5,4.0,0.0,0.0,6.0,8.0,2,1.8562378228042152e-10,0.004834075004497773,0.9951659248098785
77,reg,1.0,2.0,2.0,0.0,1.0,7.0,7.0,2,5.36193269435705e-10,0.010257045577707138,0.9897429538860997
77,ni,1.0,1.0,3.0,1.0,0.0,8.0,6.0,2,2.021710339051953e-09,0.2364878898019548,0.7635121081763349
77,tu,1.0,2.0,5.0,0.0,0.0,9.0,5.0,2,8.115619107221157e-12,0.002461789893425272,0.9975382100984588
77,scept,1.0,2.5,2.0,0.0,1.0,10.0,4.0,2,5.319644053969986e-12,0.0001979726056714268,0.9998020273890088
77,ra,1.0,1.0,1.0,1.0,0.0,11.0,3.0,1,1.2169279234320957e-11,0.9964993911601647,0.003500608827666009
77,jo,1.0,1.0,4.0,0.0,2.0,12.0,2.0,1,9.18832791206824e-12,0.9904294490991747,0.009570550891636935
77,vem,1.0,2.0,2.0,1.0,1.0,13.0,1.0,2,5.537454142201865e-11,0.002568188840290054,0.9974318111043354
77,que,1.0,0.0,2.0,2.0,0.0,14.0,0.0,1,6.62338929496618e-09,0.9674734984071869,0.03252649496942391
78,con,1.0,2.0,4.0,0.0,3.0,0.0,14.0,2,2.4586111021547367e-11,0.0003316376415488668,0.9996683623338649
78,ci,1.0,1.0,3.0,1.0,2.0,1.0,13.0,1,2.579002521405446e-09,0.8869570519110408,0.11304294550995671
78,li,1.0,0.0,3.0,2.0,1.0,2.0,12.0,1,5.2006991352712696e-08,0.9946436862396999,0.005356261753308883
78,as,1.0,2.0,1.0,3.0,0.0,3.0,11.0,2,6.20178865332225e-10,0.02883619568169788,0.9711638036981232
78,tu,1.0,1.0,5.0,0.0,0.0,4.0,10.0,2,2.4672200304044053e-09,0.3915964942263704,0.6084035033064096
78,das,1.0,1.0,1.0,0.0,0.0,5.0,9.0,2,4.902132954204354e-09,0.22709598359409672,0.7729040115037704
78,e,1.0,1.0,2.0,0.0,2.0,6.0,8.0,1,2.713962709151871e-09,0.6867375523297602,0.3132624449562771
78,pu,1.0,1.0,5.0,1.0,1.0,7.0,7.0,1,1.9099313447891623e-09,0.6908054063445563,0.3091945917455122
78,lis,1.0,1.0,3.0,2.0,0.0,8.0,6.0,2,7.691473972330615e-10,0.10879308227199956,0.891206916958853
78,ac,1.0,2.0,1.0,0.0,3.0,9.0,5.0,2,4.6297932714567594e-12,0.00045355998126271293,0.9995464400141073
78,cum,1.0,2.0,5.0,1.0,2.0,10.0,4.0,2,7.497537741484512e-11,0.010877246356784484,0.9891227535682402
78,be,1.0,1.0,2.0,2.0,1.0,11.0,3.0,1,5.741070878077902e-12,0.9961935100551655,0.0038064899390934056
78,re,1.0,1.0,2.0,3.0,0.0,12.0,2.0,1,1.8033170340283027e-12,0.9997394473429697,0.00026055265522693564
78,di,1.0,1.0,3.0,0.0,1.0,13.0,1.0,2,5.435156168421077e-11,0.0040297172372961865,0.9959702827083523
78,vum,1.0,1.0,5.0,1.0,0.0,14.0,0.0,1,3.038258990478796e-10,0.660667265529631,0.33933273416654314
79,nim,1.0,2.0,3.0,0.0,3.0,0.0,13.0,2,6.421414984837862e-11,0.0004017603157429266,0.9995982396200425
79,bo,1.0,1.0,4.0,1.0,2.0,1.0,12.0,1,1.370328600462425e-09,0.8541078006477875,0.14589219798188405
79,rum,1.0,2.0,5.0,2.0,1.0,2.0,11.0,2,2.095200336171988e-10,0.0053772680960888835,0.9946227316943911
79,que,1.0,1.0,2.0,3.0,0.0,3.0,10.0,1,7.808996787011406e-10,0.9532691860426382,0.0467308131764619
79,fa,1.0,1.0,1.0,0.0,1.0,4.0,9.0,2,4.187446095496222e-09,0.4748768391495541,0.5251231566629998
79,cis,1.0,2.0,3.0,1.0,0.0,5.0,8.0,2,3.6859524428479536e-10,0.003272691042869111,0.9967273085885356
79,tem,1.0,2.0,2.0,0.0,4.0,6.0,7.0,2,1.018460002140632e-10,0.0006322083677494286,0.9993677915304048
79,pes,1.0,2.0,2.0,1.0,3.0,7.0,6.0,2,6.580801837372126e-10,0.055592199276500276,0.9444078000654194
79,ta,1.0,1.0,1.0,2.0,2.0,8.0,5.0,2,9.171002921875446e-11,0.10953672958299934,0.8904632703252907
79,tum,1.0,2.0,5.0,3.0,1.0,9.0,4.0,2,2.974715895606184e-11,0.00475836271260187,0.9952416372576511
79,que,1.0,1.0,2.0,4.0,0.0,10.0,3.0,1,1.5040465633657496e-12,0.9997717004134915,0.00022829958500493895
79,po,1.0,1.0,4.0,0.0,2.0,11.0,2.0,1,1.2618359833153338e-11,0.9746969030746772,0.025303096912704562
79,ten,1.0,2.0,2.0,1.0,1.0,12.0,1.0,2,5.565628360614593e-11,0.0012228908918989376,0.9987771090524447
79,tem,1.0,1.0,2.0,2.0,0.0,13.0,0.0,1,1.053371881364419e-10,0.8916748952860042,0.10832510460865842
80,haec,2.0,1.0,7.0,0.0,0.0,0.0,14.0,2,1.773131374731481e-11,0.0001387068934605955,0.9998612930888081
80,u,1.0,1.0,5.0,0.0,1.0,1.0,13.0,1,1.8269202336464468e-09,0.6842181175585752,0.3157818806145045
80,bi,1.0,1.0,3.0,1.0,0.0,2.0,12.0,1,1.6088046471657418e-09,0.872969291561453,0.1270307068297424
80,dic,1.0,2.0,3.0,0.0,1.0,3.0,11.0,2,3.1187851422473703e-10,0.0008551070542439997,0.9991448926338777
80,ta,1.0,1.0,1.0,1.0,0.0,4.0,10.0,1,5.431508480242088e-09,0.5560965787305452,0.44390341583794635
80,ca,1.0,1.0,1.0,0.0,1.0,5.0,9.0,1,4.190169046080543e-09,0.5234148991166823,0.47658509669314864
80,vum,1.0,2.0,5.0,1.0,0.0,6.0,8.0,2,4.118919494609627e-10,0.0075472249005556855,0.9924527746875522
80,con,1.0,2.0,4.0,0.0,2.0,7.0,7.0,2,1.9972102461980086e-10,0.008804164503453367,0.9911958352968256
80,ver,1.0,2.0,2.0,1.0,1.0,8.0,6.0,2,5.606247508725231e-10,0.04594412791547213,0.954055871523903
80,sa,1.0,1.0,1.0,2.0,0.0,9.0,5.0,1,1.4477159480607046e-10,0.5428912499806954,0.457108749874533
80,cus,1.0,2.0,5.0,0.0,2.0,10.0,4.0,2,8.768571789422895e-12,0.00040851250485928294,0.999591487486372
80,pi,1.0,1.0,3.0,1.0,1.0,11.0,3.0,1,1.1779784372952792e-11,0.995988737944444,0.004011262043776183
80,de,1.0,1.0,2.0,2.0,0.0,12.0,2.0,1,2.727909226348934e-12,0.99915854462673,0.0008414553705419791
80,mon,1.0,2.0,4.0,0.0,1.0,13.0,1.0,2,7.378797615371357e-12,9.813020409401693e-05,0.9999018697885272
80,tem,1.0,1.0,2.0,1.0,0.0,14.0,0.0,1,3.8404730171477855e-10,0.7968839381385231,0.20311606147742975
81,im,1.0,2.0,3.0,0.0,2.0,0.0,15.0,2,8.31612450875457e-11,0.0004317687210049863,0.9995682311958337
81,pu,1.0,1.0,5.0,1.0,1.0,1.0,14.0,2,1.7040894702680896e-09,0.24979916398418786,0.7502008343117227
81,lit,1.0,1.0,3.0,2.0,0.0,2.0,13.0,1,6.238333904953893e-10,0.8819143602159298,0.11808563916023683
81,in,1.0,2.0,3.0,0.0,0.0,3.0,12.0,2,3.2737344713380723e-10,0.006540510768500643,0.9934594889041257
81,la,1.0,1.0,1.0,0.0,1.0,4.0,11.0,1,4.296200723077859e-09,0.6970418111819958,0.3029581845218034
81,tus,1.0,1.0,5.0,1.0,0.0,5.0,10.0,1,3.3521459013587287e-09,0.5751590616069626,0.42484093504089143
81,ac,1.0,2.0,1.0,0.0,0.0,6.0,9.0,2,3.741465714098654e-10,0.002089323591128001,0.9979106760347256
81,ven,1.0,2.0,2.0,0.0,1.0,7.0,8.0,2,5.522269422558097e-10,0.0122386003110079,0.9877613991367652
81,ti,1.0,1.0,3.0,1.0,0.0,8.0,7.0,2,3.353101015618863e-09,0.2483101632412873,0.7516898334056117
81,ve,1.0,1.0,2.0,0.0,1.0,9.0,6.0,1,2.732118747230851e-10,0.888626802140003,0.11137319758678506
81,lut,1.0,1.0,5.0,1.0,0.0,10.0,5.0,1,1.7208992756407027e-10,0.6737866885437273,0.32621331128418285
81,ag,1.0,2.0,1.0,0.0,2.0,11.0,4.0,2,1.236405580628774e-11,0.0002125373839257169,0.9997874626037101
81,mi,1.0,1.0,3.0,1.0,1.0,12.0,3.0,1,1.0992905681291008e-11,0.9975885782634885,0.0024114217255183775
81,ne,1.0,1.0,2.0,2.0,0.0,13.0,2.0,1,2.7491627806264615e-12,0.9991494221263229,0.0008505778709277244
81,fac,1.0,2.0,1.0,0.0,1.0,14.0,1.0,2,1.4778325713001854e-11,0.00020744840078904277,0.9997925515844327
81,to,1.0,0.0,4.0,1.0,0.0,15.0,0.0,2,6.063573884753165e-11,0.002909728718481716,0.9970902712208827
82,qua,1.0,1.0,1.0,0.0,0.0,0.0,14.0,2,5.19862083792792e-10,0.01803100724305007,0.9819689922370879
82,da,1.0,1.0,1.0,0.0,1.0,1.0,13.0,1,3.9940427781072875e-09,0.8058087800501258,0.19419121595583141
82,ta,1.0,1.0,1.0,1.0,0.0,2.0,12.0,1,1.3933397267625982e-09,0.953723186329703,0.04627681227695732
82,por,1.0,2.0,4.0,0.0,1.0,3.0,11.0,2,1.5425992927641385e-10,0.0011074712154810246,0.9988925286302589
82,ta,1.0,1.0,1.0,1.0,0.0,4.0,10.0,1,5.431508480242088e-09,0.5560965787305452,0.44390341583794635
82,ru,1.0,0.0,5.0,0.0,1.0,5.0,9.0,1,1.5035484091676282e-08,0.9796218899810407,0.020378094983475224
82,unt,1.0,2.0,5.0,1.0,0.0,6.0,8.0,2,4.118919494609627e-10,0.0075472249005556855,0.9924527746875522
82,et,1.0,2.0,2.0,0.0,0.0,7.0,7.0,2,3.306906659387172e-10,0.0023447728852524045,0.9976552267840572
82,ter,1.0,2.0,2.0,0.0,1.0,8.0,6.0,2,6.15107266279896e-10,0.04483139874909054,0.9551686006358023
82,ras,1.0,2.0,1.0,1.0,0.0,9.0,5.0,2,6.390283232604103e-11,0.050943324678852056,0.949056675257245
82,tur,1.0,2.0,5.0,0.0,2.0,10.0,4.0,2,8.768571789422895e-12,0.00040851250485928294,0.999591487486372
82,bi,1.0,1.0,3.0,1.0,1.0,11.0,3.0,1,1.1779784372952792e-11,0.995988737944444,0.004011262043776183
82,ne,1.0,1.0,2.0,2.0,0.0,12.0,2.0,1,2.727909226348934e-12,0.99915854462673,0.0008414553705419791
82,perf,1.0,3.0,2.0,0.0,1.0,13.0,1.0,2,6.9967096368737905e-12,0.0001002684605339937,0.9998997315324691
82,lant,1.0,2.0,1.0,1.0,0.0,14.0,0.0,2,1.4701300868402038e-10,0.04230963697394353,0.9576903628790434
83,in,1.0,2.0,3.0,0.0,4.0,0.0,15.0,2,4.705587987035374e-11,0.0001931457599106413,0.9998068541930332
83,cub,1.0,2.0,5.0,1.0,3.0,1.0,14.0,2,2.6789383981683035e-10,0.010674342721851193,0.9893256570102549
83,u,1.0,0.0,5.0,2.0,2.0,2.0,13.0,1,2.295776464637681e-08,0.9983177416736105,0.0016822353686249676
83,e,1.0,1.0,2.0,3.0,1.0,3.0,12.0,2,1.8514081513678273e-09,0.4202732560930382,0.5797267420555536
83,re,1.0,1.0,2.0,4.0,0.0,4.0,11.0,1,4.676034256406483e-10,0.9825414549554058,0.017458544576990764
83,ma,1.0,1.0,1.0,0.0,1.0,5.0,10.0,1,3.897826834408731e-09,0.6533892065946775,0.34661078950749563
83,ri,1.0,1.0,3.0,1.0,0.0,6.0,9.0,2,3.890251719948313e-09,0.2404096359661876,0.7595903601435607
83,to,1.0,1.0,4.0,0.0,2.0,7.0,8.0,1,1.2134695092401674e-09,0.6232013342021951,0.37679866458433525
83,tum,1.0,2.0,5.0,1.0,1.0,8.0,7.0,2,1.205369348549132e-09,0.08341258374965417,0.9165874150449764
83,que,0.0,0.0,2.0,2.0,0.0,9.0,6.0,0,0.999998330226855,1.3904239742258338e-06,2.793491706373844e-07
83,a,1.0,1.0,1.0,0.0,0.0,10.0,5.0,2,9.862612657189567e-11,0.20595001753599645,0.7940499823653775
83,se,1.0,1.0,2.0,0.0,2.0,11.0,4.0,2,9.917223247854093e-11,0.009316099727610634,0.9906839001732172
83,di,1.0,1.0,3.0,1.0,1.0,12.0,3.0,1,1.0992905681291008e-11,0.9975885782634885,0.0024114217255183775
83,bus,1.0,1.0,5.0,2.0,0.0,13.0,2.0,1,2.9238972447784145e-11,0.9873558606927911,0.012644139277969963
83,i,1.0,1.0,3.0,0.0,1.0,14.0,1.0,2,4.7022512981512287e-11,0.0030355664240597573,0.9969644335289176
83,mis,1.0,1.0,3.0,1.0,0.0,15.0,0.0,2,1.32233443821954e-10,0.052852343968671736,0.9471476558990947
84,u,1.0,1.0,5.0,0.0,1.0,0.0,15.0,2,4.337135360930145e-11,0.0008447840755418702,0.999155215881087
84,na,0.0,0.0,1.0,1.0,0.0,1.0,14.0,0,0.999837551474581,0.00016086946265144383,1.5790627679795843e-06
84,eu,2.0,1.0,11.0,0.0,2.0,2.0,13.0,2,5.591547281729613e-10,0.08507771225767762,0.9149222871831677
84,rus,1.0,2.0,5.0,1.0,1.0,3.0,12.0,2,6.798090430443687e-10,0.022627581366486665,0.9773724179537041
84,que,1.0,1.0,2.0,2.0,0.0,4.0,11.0,1,1.609042078772629e-09,0.8756824795878206,0.12431751880313743
84,no,1.0,1.0,4.0,0.0,2.0,5.0,10.0,1,7.421682682007379e-10,0.876460558241493,0.1235394410163386
84,tus,1.0,2.0,5.0,1.0,1.0,6.0,9.0,2,7.936118447194532e-10,0.0568003636752728,0.9431996355311153
84,que,1.0,1.0,2.0,2.0,0.0,7.0,8.0,1,2.63858587605158e-09,0.6021181612149936,0.39788183614642064
84,ru,1.0,0.0,5.0,0.0,1.0,8.0,7.0,1,2.7691281009200836e-08,0.9654124809095206,0.0345874913991984
84,unt,1.0,3.5,5.0,1.0,0.0,9.0,6.0,2,5.339841323111962e-11,0.011326876280111496,0.9886731236664901
84,cre,1.0,1.0,2.0,0.0,2.0,10.0,5.0,2,9.044132802768182e-11,0.1967317839749401,0.8032682159346185
84,ber,1.0,2.0,2.0,1.0,1.0,11.0,4.0,2,4.225864693801516e-11,0.0021062078309900738,0.9978937921267512
84,que,1.0,1.5,2.0,2.0,0.0,12.0,3.0,1,4.163786004238273e-12,0.9887254420533066,0.011274557942529715
84,pro,1.0,1.0,4.0,0.0,2.0,13.0,2.0,1,9.21488398372339e-12,0.990526392552111,0.009473607438673867
84,cel,1.0,2.0,2.0,1.0,1.0,14.0,1.0,2,5.274435080599061e-11,0.002381582609587781,0.9976184173376678
84,lis,1.0,1.0,3.0,2.0,0.0,15.0,0.0,2,1.8262349557824852e-11,0.03338482907595984,0.9666151709057775
85,af,1.0,2.0,1.0,0.0,2.0,0.0,13.0,2,1.6925233908554353e-10,0.0013260439705806873,0.998673955860167
85,ri,1.0,1.0,3.0,1.0,1.0,1.0,12.0,2,5.6601582222517175e-09,0.19880371600221336,0.8011962783376283
85,cus,1.0,1.0,5.0,2.0,0.0,2.0,11.0,1,1.1410052123372687e-09,0.753577059419642,0.24642293943935265
85,et,1.0,2.0,2.0,0.0,0.0,3.0,10.0,2,4.2948171081686925e-10,0.017817975569577094,0.9821820240009412
85,vas,1.0,2.0,1.0,0.0,1.0,4.0,9.0,2,7.742273827125136e-10,0.010417121342397312,0.9895828778833754
85,tos,1.0,2.0,4.0,1.0,0.0,5.0,8.0,2,1.6641829218364718e-10,0.0022706386267598547,0.9977293612068219
85,vol,1.0,2.0,4.0,0.0,1.0,6.0,7.0,2,1.4372066924805734e-10,0.0033774805985236477,0.9966225192577555
85,vunt,1.0,2.0,5.0,1.0,0.0,7.0,6.0,2,3.6407679626815834e-10,0.009728260822537995,0.9902717388133851
85,ad,1.0,1.5,1.0,0.0,0.0,8.0,5.0,2,2.0759977351875325e-11,0.01243475224656104,0.9875652477326791
85,li,1.0,1.0,3.0,0.0,2.0,9.0,4.0,2,9.49640653192427e-11,0.014083193185820922,0.985916806719215
85,to,1.0,1.0,4.0,1.0,1.0,10.0,3.0,1,1.1417685197895382e-11,0.9932824390274276,0.006717560961154708
85,ra,1.0,2.0,1.0,2.0,0.0,11.0,2.0,1,1.5364096192077036e-11,0.958673354024656,0.04132664595998006
85,fluc,1.0,2.0,5.0,0.0,1.0,12.0,1.0,2,1.2143387704606076e-11,0.0001998514087530168,0.9998001485791038
85,tus,1.0,1.0,5.0,1.0,0.0,13.0,0.0,1,2.6122233621190853e-10,0.8335261613382666,0.16647383840051103
86,in,1.0,2.0,3.0,0.0,3.0,0.0,14.0,2,4.6709594316077646e-11,0.00019237490126063834,0.9998076250520295
86,se,1.0,1.0,2.0,1.0,2.0,1.0,13.0,1,2.8174510088173987e-09,0.856120689595282,0.14387930758726708
86,qui,1.0,1.0,3.0,2.0,1.0,2.0,12.0,1,1.617527356865706e-09,0.7129059357830505,0.2870940625994223
86,tur,1.0,2.5,5.0,3.0,0.0,3.0,11.0,2,5.8203021713527853e-11,0.0015558598105841275,0.998444140131213
86,cla,1.0,1.0,1.0,0.0,2.0,4.0,10.0,1,1.8708982653241384e-09,0.8657233899133029,0.13427660821579884
86,mor,1.0,2.0,4.0,1.0,1.0,5.0,9.0,2,3.8935397642256705e-10,0.02049627421833108,0.9795037253923148
86,que,1.0,1.0,2.0,2.0,0.0,6.0,8.0,1,2.71279951477513e-09,0.5247090347962415,0.4752909624909589
86,vi,1.0,1.0,3.0,0.0,1.0,7.0,7.0,2,2.888520613856212e-09,0.2941019132531945,0.7058980838582848
86,rum,1.0,3.5,5.0,1.0,0.0,8.0,6.0,2,1.3585284134101292e-10,0.0031602667039233524,0.9968397331602241
86,stri,1.0,1.0,3.0,0.0,2.0,9.0,5.0,2,8.57193872333683e-11,0.08242436882385937,0.9175756310904213
86,dor,1.0,2.0,4.0,1.0,1.0,10.0,4.0,2,3.483935496064086e-11,0.0029020384805081437,0.9970979614846525
86,que,1.0,1.0,2.0,2.0,0.0,11.0,3.0,1,4.553204280185241e-12,0.9985584697042031,0.0014415302912436066
86,ru,1.0,1.0,5.0,0.0,2.0,12.0,2.0,1,6.336422270197323e-11,0.9393812590168106,0.06061874091982518
86,den,1.0,2.0,2.0,1.0,1.0,13.0,1.0,2,5.537454142201865e-11,0.002568188840290054,0.9974318111043354
86,tum,1.0,1.0,5.0,2.0,0.0,14.0,0.0,1,7.179385785012893e-11,0.9214203690109413,0.07857963091726487
87,e,1.0,1.0,2.0,0.0,3.0,0.0,14.0,2,1.9372601213160326e-10,0.0034542612869209325,0.996545738519353
87,ri,1.0,1.0,3.0,1.0,2.0,1.0,13.0,1,2.579002521405446e-09,0.8869570519110408,0.11304294550995671
87,pi,1.0,0.0,3.0,2.0,1.0,2.0,12.0,1,5.2006991352712696e-08,0.9946436862396999,0.005356261753308883
87,unt,1.0,3.0,5.0,3.0,0.0,3.0,11.0,2,5.8203021713527853e-11,0.0015558598105841275,0.998444140131213
87,su,1.0,1.0,5.0,0.0,2.0,4.0,10.0,1,1.2460468745873619e-09,0.6376980418051633,0.3623019569487898
87,bi,1.0,1.0,3.0,1.0,1.0,5.0,9.0,1,3.4164944463601805e-09,0.6851381597403146,0.3148618368431911
87,to,1.0,1.0,4.0,2.0,0.0,6.0,8.0,2,9.248539208837032e-10,0.10558814558026329,0.8944118534948827
87,nu,1.0,1.0,5.0,0.0,1.0,7.0,7.0,2,1.4887289442440703e-09,0.2886247225258477,0.7113752759854234
87,bes,1.0,2.0,2.0,1.0,0.0,8.0,6.0,2,5.618133626261036e-10,0.017271000255072326,0.9827289991831142
87,cae,2.0,1.0,7.0,0.0,2.0,9.0,5.0,2,4.56030652467058e-12,0.0004508397441154165,0.9995491602513242
87,lum,1.0,2.0,5.0,1.0,1.0,10.0,4.0,2,7.430550341709923e-11,0.008635827257970153,0.9913641726677244
87,que,1.0,1.0,2.0,2.0,0.0,11.0,3.0,1,4.553204280185241e-12,0.9985584697042031,0.0014415302912436066
87,di,1.0,0.0,3.0,0.0,2.0,12.0,2.0,1,3.7306373128099456e-11,0.9986107858957215,0.001389214066971959
87,em,1.0,2.0,2.0,1.0,1.0,13.0,1.0,2,5.537454142201865e-11,0.002568188840290054,0.9974318111043354
87,que,1.0,0.0,2.0,2.0,0.0,14.0,0.0,1,6.62338929496618e-09,0.9674734984071869,0.03252649496942391
88,teuc,2.0,1.5,11.0,0.0,2.0,0.0,14.0,2,5.2727867816607924e-11,0.0008161311112780956,0.9991838688359937
88,ro,1.0,1.0,4.0,1.0,1.0,1.0,13.0,1,1.98016899771826e-09,0.7364228343209881,0.2635771636988428
88,rum,0.0,0.0,5.0,2.0,0.0,2.0,12.0,0,0.9999986474807672,1.2967403286799417e-06,5.577890385723595e-08
88,ex,1.0,2.0,2.0,0.0,0.0,3.0,11.0,2,4.80780413324787e-10,0.009852797733319506,0.9901472017858999
88,o,1.0,1.0,4.0,0.0,2.0,4.0,10.0,1,1.1856897614923658e-09,0.514434635944987,0.48556536286932317
88,cu,1.0,1.0,5.0,1.0,1.0,5.0,9.0,1,1.7410889502004384e-09,0.8006796616554448,0.19932033660346635
88,lis,1.0,2.0,3.0,2.0,0.0,6.0,8.0,2,7.617100887578242e-11,0.0011750048015550392,0.9988249951222739
88,pon,1.0,2.0,4.0,0.0,1.0,7.0,7.0,2,2.282752142138247e-10,0.007768260626723641,0.992231739145001
88,to,1.0,1.0,4.0,1.0,0.0,8.0,6.0,2,9.95829477348152e-10,0.10611562867431173,0.8938843703298589
88,nox,1.0,2.0,4.0,0.0,0.0,9.0,5.0,2,4.928806761816422e-12,0.0012788445644384397,0.998721155430633
88,in,1.0,2.0,3.0,0.0,2.0,10.0,4.0,2,1.0382503196768738e-11,0.00038472779484079086,0.9996152721947766
88,cu,1.0,1.0,5.0,1.0,1.0,11.0,3.0,1,7.807210908253138e-11,0.9717381835566176,0.028261816365310104
88,bat,1.0,1.0,1.0,2.0,0.0,12.0,2.0,1,4.653977835529056e-12,0.9979853726193397,0.002014627376006381
88,at,1.0,1.5,1.0,0.0,1.0,13.0,1.0,2,1.466361524103374e-10,0.01083496097084677,0.9891650388825173
88,ra,1.0,0.0,1.0,1.0,0.0,14.0,0.0,1,5.111525457898648e-09,0.8978564454180726,0.10214354947040179
89,in,1.0,2.0,3.0,0.0,4.0,0.0,16.0,2,4.555145927391663e-11,0.00018531876487697823,0.9998146811895718
89,to,1.0,1.0,4.0,1.0,3.0,1.0,15.0,1,1.0664711413166716e-09,0.9162623029486135,0.08373769598491532
89,nu,1.0,0.0,5.0,2.0,2.0,2.0,14.0,1,3.968594495096557e-08,0.9893032634016239,0.010696696912431086
89,e,1.0,1.0,2.0,3.0,1.0,3.0,13.0,2,1.7361878094531961e-09,0.4112089797740821,0.5887910184897303
89,re,1.0,1.0,2.0,4.0,0.0,4.0,12.0,1,4.212087791875295e-10,0.9518452550837788,0.04815474449501256
89,po,1.0,1.0,4.0,0.0,1.0,5.0,11.0,1,8.779554145976074e-10,0.8703206490868675,0.1296793500351771
89,li,0.0,0.0,3.0,1.0,0.0,6.0,10.0,0,0.9999186469418913,6.405382892630983e-05,1.7299229182089994e-05
89,et,1.0,2.5,2.0,0.0,0.0,7.0,9.0,2,1.5547362479608506e-10,0.001082649985197599,0.9989173498593289
89,creb,1.0,1.5,2.0,0.0,1.0,8.0,8.0,1,1.2645973620245394e-09,0.8845321461568739,0.11546785257852862
89,ris,1.0,2.0,3.0,1.0,0.0,9.0,7.0,2,1.6052505037983427e-10,0.009836906145106874,0.9901630936943683
89,mi,1.0,1.0,3.0,0.0,1.0,10.0,6.0,1,2.8116430615366017e-09,0.7909429359998444,0.20905706118851242
89,cat,1.0,1.0,1.0,1.0,0.0,11.0,5.0,2,2.699846279803849e-10,0.37177289008915604,0.6282271096408594
89,ig,1.0,2.0,3.0,0.0,2.0,12.0,4.0,2,2.0034845608537893e-11,0.00020532088583775573,0.9997946790941276
89,ni,1.0,1.0,3.0,1.0,1.0,13.0,3.0,1,1.1219449954195068e-11,0.997522700130028,0.0024772998587524117
89,bus,1.0,1.0,5.0,2.0,0.0,14.0,2.0,1,3.120213703689768e-11,0.9898427277847592,0.010157272184038611
89,aet,2.0,1.0,7.0,0.0,1.0,15.0,1.0,2,6.545825107636966e-13,7.251733739748319e-06,0.999992748265606
89,her,1.0,1.0,2.0,1.0,0.0,16.0,0.0,1,2.2137634672910063e-10,0.8893775513199507,0.11062244845867301
90,prae,2.0,1.0,7.0,0.0,3.0,0.0,13.0,2,3.260631171539081e-11,0.0006902792027802622,0.9993097207646132
90,sen,1.0,2.0,2.0,1.0,2.0,1.0,12.0,2,6.713851935779581e-10,0.0075499887412457,0.9924500105873689
90,tem,1.0,2.0,2.0,2.0,1.0,2.0,11.0,2,1.812062056153435e-10,0.0029491413331255573,0.9970508584856683
90,que,1.0,1.0,2.0,3.0,0.0,3.0,10.0,1,7.808996787011406e-10,0.9532691860426382,0.0467308131764619
90,vi,1.0,1.0,3.0,0.0,1.0,4.0,9.0,1,3.2126957565432387e-09,0.5018895955341007,0.4981104012532035
90,ris,1.0,1.0,3.0,1.0,0.0,5.0,8.0,2,3.904269485690811e-09,0.26800930183657345,0.731990694259157
90,in,1.0,2.0,3.0,0.0,2.0,6.0,7.0,2,3.353438615990449e-10,0.005142429190807827,0.9948575704738483
90,ten,1.0,2.0,2.0,1.0,1.0,7.0,6.0,2,5.681475655332131e-10,0.02729952759579788,0.9727004718360546
90,tant,1.0,2.0,1.0,2.0,0.0,8.0,5.0,2,1.9053283637051268e-11,0.009970129066850832,0.990029870914096
90,om,1.0,2.0,4.0,0.0,2.0,9.0,4.0,2,7.170009048116234e-12,0.00014863363471681192,0.9998513663581132
90,ni,1.0,0.0,3.0,1.0,1.0,10.0,3.0,1,2.5773867695728082e-11,0.9992851462349582,0.0007148537392679982
90,a,1.0,1.0,1.0,2.0,0.0,11.0,2.0,1,8.697028975547419e-12,0.9961204040256728,0.003879595965630153
90,mor,1.0,2.0,4.0,0.0,1.0,12.0,1.0,2,7.338992387865868e-12,5.520863540692115e-05,0.999944791357254
90,tem,1.0,1.0,2.0,1.0,0.0,13.0,0.0,1,3.6671184143743274e-10,0.817680397554974,0.18231960207831419
91,ex,1.0,3.0,2.0,0.0,2.0,0.0,13.0,2,4.447910435053049e-11,0.00016253368439160025,0.9998374662711291
91,temp,1.0,2.5,2.0,1.0,1.0,1.0,12.0,2,1.5037362310385687e-10,0.00038618534545736263,0.9996138145041691
91,lo,0.0,0.0,4.0,2.0,0.0,2.0,11.0,0,0.9999974024990108,1.538108842429139e-06,1.0593921460807448e-06
91,ae,2.0,1.0,7.0,0.0,2.0,3.0,10.0,2,1.2857792420726212e-10,0.0008529811008335949,0.9991470187705884
91,ne,1.0,0.0,2.0,1.0,1.0,4.0,9.0,1,2.1181854962704905e-08,0.9882833047049027,0.011716674113242218
91,ae,2.0,1.0,7.0,2.0,0.0,5.0,8.0,2,1.1343938806127799e-10,0.002150839838126165,0.9978491600484346
91,sol,1.0,2.0,4.0,0.0,2.0,6.0,7.0,2,1.5543210077658089e-10,0.006188643013852787,0.9938113568307152
91,vun,1.0,2.0,5.0,1.0,1.0,7.0,6.0,2,7.183601404684435e-10,0.08162653373913546,0.9183734655425043
91,tur,1.0,3.0,5.0,2.0,0.0,8.0,5.0,2,6.546446835963757e-12,0.0017070067480721267,0.9982929932453813
91,fri,1.0,1.0,3.0,0.0,2.0,9.0,4.0,2,9.49640653192427e-11,0.014083193185820922,0.985916806719215
91,go,1.0,1.0,4.0,1.0,1.0,10.0,3.0,1,1.1417685197895382e-11,0.9932824390274276,0.006717560961154708
91,re,1.0,1.0,2.0,2.0,0.0,11.0,2.0,1,5.1237635506648525e-12,0.9983778324159699,0.001622167578906162
91,memb,1.0,2.5,2.0,0.0,1.0,12.0,1.0,2,6.9590346071952196e-12,4.7431064559220024e-05,0.9999525689284818
91,ra,1.0,0.0,1.0,1.0,0.0,13.0,0.0,1,4.830552577881424e-09,0.9086174092017695,0.09138258596767797
92,in,1.0,2.0,3.0,0.0,2.0,0.0,14.0,2,8.323174324579913e-11,0.000433600944392947,0.9995663989723752
92,ge,1.0,1.0,2.0,1.0,1.0,1.0,13.0,1,4.064549164485626e-09,0.7356793700702573,0.26432062586519356
92,mit,1.0,1.0,3.0,2.0,0.0,2.0,12.0,1,7.761585025424107e-10,0.820952343578953,0.17904765564488848
92,et,1.0,2.0,2.0,0.0,0.0,3.0,11.0,2,4.80780413324787e-10,0.009852797733319506,0.9901472017858999
92,dup,1.0,1.5,5.0,0.0,2.0,4.0,10.0,1,1.3325386437542696e-09,0.5027764834529764,0.49722351521448493
92,li,1.0,1.0,3.0,1.0,1.0,5.0,9.0,1,3.4164944463601805e-09,0.6851381597403146,0.3148618368431911
92,cis,1.0,2.0,3.0,2.0,0.0,6.0,8.0,2,7.617100887578242e-11,0.0011750048015550392,0.9988249951222739
92,ten,1.0,2.0,2.0,0.0,1.0,7.0,7.0,2,5.36193269435705e-10,0.010257045577707138,0.9897429538860997
92,dens,1.0,2.0,2.0,1.0,0.0,8.0,6.0,2,5.618133626261036e-10,0.017271000255072326,0.9827289991831142
92,ad,1.0,2.0,1.0,0.0,0.0,9.0,5.0,2,1.0074677418369792e-11,0.0038767588056959003,0.9961232411842295
92,si,1.0,1.0,3.0,0.0,2.0,10.0,4.0,2,8.676769117314046e-11,0.018445816784819463,0.9815541831284128
92,de,1.0,1.0,2.0,1.0,1.0,11.0,3.0,1,9.228210768979197e-12,0.9960543998545396,0.003945600136232279
92,ra,1.0,1.0,1.0,2.0,0.0,12.0,2.0,1,4.653977835529056e-12,0.9979853726193397,0.002014627376006381
92,pal,1.0,2.0,1.0,0.0,1.0,13.0,1.0,2,1.5447252430249364e-11,0.00021786155411219706,0.9997821384304407
92,mas,1.0,1.0,1.0,1.0,0.0,14.0,0.0,1,5.021618649535851e-10,0.627288728981809,0.3727112705160292
93,ta,1.0,1.0,1.0,0.0,2.0,0.0,15.0,2,6.363416175731944e-10,0.02140246541387906,0.9785975339497793
93,li,1.0,0.0,3.0,1.0,1.0,1.0,14.0,1,3.337618652618504e-08,0.9901343686193878,0.0098655980044256
93,a,1.0,1.0,1.0,2.0,0.0,2.0,13.0,1,4.4298955794281215e-10,0.9748265513669094,0.025173448190100912
93,vo,1.0,1.0,4.0,0.0,1.0,3.0,12.0,2,2.2158569007055607e-09,0.4768183462714541,0.5231816515126889
93,ce,1.0,1.0,2.0,1.0,0.0,4.0,11.0,1,3.876067094678149e-09,0.8563771054832475,0.14362289064068554
93,re,1.0,1.0,2.0,0.0,1.0,5.0,10.0,1,2.6861257539674374e-09,0.7726265421259049,0.22737345518796936
93,fert,1.0,2.0,2.0,1.0,0.0,6.0,9.0,2,6.303638689060745e-10,0.00618386261857192,0.9938161367510642
93,o,1.0,1.0,4.0,0.0,0.0,7.0,8.0,2,1.6739664159576336e-09,0.11731175545193806,0.8826882428740956
93,ter,1.0,2.0,2.0,0.0,1.0,8.0,7.0,2,7.920277873894343e-10,0.03005857812141968,0.9699414210865527
93,que,1.0,1.0,2.0,1.0,0.0,9.0,6.0,1,5.745631885925678e-10,0.7403052785434395,0.25969472088199747
93,qua,1.0,1.0,1.0,0.0,2.0,10.0,5.0,2,1.2895781636032576e-10,0.3639341669504448,0.6360658329205974
93,ter,1.0,2.0,2.0,1.0,1.0,11.0,4.0,2,4.225864693801516e-11,0.0021062078309900738,0.9978937921267512
93,que,1.0,1.0,2.0,2.0,0.0,12.0,3.0,1,2.727909226348934e-12,0.99915854462673,0.0008414553705419791
93,be,1.0,0.0,2.0,0.0,2.0,13.0,2.0,1,3.739191461935138e-11,0.9986167755937364,0.001383224368871857
93,a,1.0,1.0,1.0,1.0,1.0,14.0,1.0,2,6.663053750627875e-11,0.0037803601315659777,0.9962196398018034
93,ti,1.0,0.0,3.0,2.0,0.0,15.0,0.0,2,2.8727592103859804e-10,0.00388806737636795,0.9961119323363563
94,quis,1.0,1.0,3.0,0.0,0.0,0.0,14.0,2,2.8669939072147337e-10,0.0079393314467946,0.9920606682665061
94,an,1.0,2.0,1.0,0.0,1.0,1.0,13.0,2,1.1391079060701284e-09,0.01874557090732041,0.9812544279535718
94,te,0.0,0.0,2.0,1.0,0.0,2.0,12.0,0,0.999584446614128,0.000412665355487807,2.888030383768145e-06
94,o,1.0,1.0,4.0,0.0,1.0,3.0,11.0,2,2.498385747572223e-09,0.1520683090085978,0.8479316884930165
94,ra,1.0,1.0,1.0,1.0,0.0,4.0,10.0,1,5.431508480242088e-09,0.5560965787305452,0.44390341583794635
94,pat,1.0,1.5,1.0,0.0,1.0,5.0,9.0,2,4.522477610627983e-09,0.41917571731078196,0.5808242781667404
94,rum,1.0,2.5,5.0,1.0,0.0,6.0,8.0,2,1.613871767795662e-10,0.001857694397811608,0.9981423054408014
94,tro,1.0,1.0,4.0,0.0,1.0,7.0,7.0,2,1.3950968572815732e-09,0.2396413710503857,0.7603586275545174
94,jae,2.0,1.0,7.0,1.0,0.0,8.0,6.0,2,1.2180510896244787e-10,0.002163263455495198,0.9978367364226998
94,sub,1.0,2.0,5.0,0.0,0.0,9.0,5.0,2,8.115619107221157e-12,0.002461789893425272,0.9975382100984588
94,moe,2.0,1.0,8.0,0.0,2.0,10.0,4.0,2,3.0892832528200718e-12,8.138263941993375e-05,0.9999186173574905
94,ni,1.0,1.0,3.0,1.0,1.0,11.0,3.0,1,1.1779784372952792e-11,0.995988737944444,0.004011262043776183
94,bus,1.0,1.0,5.0,2.0,0.0,12.0,2.0,1,3.020874394955804e-11,0.9857242942634484,0.014275705706342916
94,al,1.0,2.0,1.0,0.0,1.0,13.0,1.0,2,1.5447252430249364e-11,0.00021786155411219706,0.9997821384304407
94,tis,1.0,1.0,3.0,1.0,0.0,14.0,0.0,2,3.8987721055738695e-10,0.2706192239971711,0.7293807756129517
95,con,1.0,2.0,4.0,0.0,2.0,0.0,16.0,2,4.294610541207821e-11,0.0007148331433120082,0.9992851668137418
95,ti,1.0,1.0,3.0,1.0,1.0,1.0,15.0,1,5.044508904495938e-09,0.57693655471592,0.4230634402395711
95,git,1.0,1.0,3.0,2.0,0.0,2.0,14.0,1,5.531250794755854e-10,0.8984091209264692,0.10159087852040576
95,op,1.0,2.0,4.0,0.0,3.0,3.0,13.0,2,1.5904739625833701e-10,0.0019869346160071156,0.9980130652249457
95,pe,1.0,1.0,2.0,1.0,2.0,4.0,12.0,1,1.260132226886956e-09,0.9593564603614099,0.040643538378457925
95,te,1.0,1.0,2.0,2.0,1.0,5.0,11.0,1,6.409017425354163e-10,0.9472636142146165,0.05273638514448175
95,re,0.0,0.0,2.0,3.0,0.0,6.0,10.0,0,0.999998282214306,1.6787997080504568e-06,3.8985986363206654e-08
95,o,1.0,1.0,4.0,0.0,0.0,7.0,9.0,2,1.8066417478487578e-09,0.18738408667942957,0.8126159115139288
95,da,1.0,1.0,1.0,0.0,1.0,8.0,8.0,1,1.3632660292133968e-09,0.9215048039995779,0.07849519463715608
95,na,1.0,0.0,1.0,1.0,1.0,9.0,7.0,1,1.3530808182230237e-08,0.8934571758499855,0.10654281061920644
95,um,1.0,2.0,5.0,2.0,0.0,10.0,6.0,2,4.984538019688133e-10,0.018549647022606478,0.9814503524789397
95,for,1.0,2.0,4.0,0.0,3.0,11.0,5.0,2,1.8744157374115034e-11,0.015108640152454335,0.9848913598288014
95,tis,1.0,2.0,3.0,1.0,2.0,12.0,4.0,2,1.0345814593885493e-10,0.0026773834039394546,0.9973226164926023
95,si,1.0,1.0,3.0,2.0,1.0,13.0,3.0,1,5.141155135806139e-12,0.9965740911660653,0.0034259088287935243
95,me,1.0,1.0,2.0,3.0,0.0,14.0,2.0,1,1.8823791423814883e-12,0.9997787670476936,0.00022123295042436245
95,gen,1.0,2.0,2.0,0.0,1.0,15.0,1.0,2,2.8444326058044046e-11,0.0005778814157633757,0.9994221185557923
95,tis,1.0,1.0,3.0,1.0,0.0,16.0,0.0,2,1.654796241306196e-10,0.06837528329718247,0.9316247165373378
96,tu,1.0,1.0,5.0,0.0,2.0,0.0,14.0,2,8.123772570080696e-11,0.0037112653676852157,0.996288734551077
96,di,1.0,1.0,3.0,1.0,1.0,1.0,13.0,1,4.658061608030609e-09,0.658065871915049,0.3419341234268896
96,de,1.0,1.0,2.0,2.0,0.0,2.0,12.0,1,5.203344248083841e-10,0.972361581271805,0.027638418207860407
96,me,1.0,1.0,2.0,0.0,1.0,3.0,11.0,2,7.250536824294931e-09,0.2827142418708689,0.7172857508785943
96,ne,0.0,0.0,2.0,1.0,0.0,4.0,10.0,0,0.9999026203130214,9.178191951845013e-05,5.597767460265698e-06
96,i,1.0,1.0,3.0,0.0,3.0,5.0,9.0,1,2.1424340301038682e-09,0.62820076688386,0.371799230973706
96,li,1.0,0.0,3.0,1.0,2.0,6.0,8.0,1,6.742161431055169e-09,0.9986482880867507,0.001351705171087915
96,a,1.0,1.0,1.0,2.0,1.0,7.0,7.0,2,1.099171009539029e-09,0.15037478796218512,0.8496252109386438
96,cis,1.0,1.0,3.0,3.0,0.0,8.0,6.0,2,1.2822459224038866e-09,0.3068968687743954,0.6931031299433587
96,oc,1.0,2.0,4.0,0.0,3.0,9.0,5.0,2,9.42381219263914e-12,0.0031679763737111695,0.9968320236168648
96,cum,1.0,2.0,5.0,1.0,2.0,10.0,4.0,2,7.497537741484512e-11,0.010877246356784484,0.9891227535682402
96,be,1.0,1.0,2.0,2.0,1.0,11.0,3.0,1,5.741070878077902e-12,0.9961935100551655,0.0038064899390934056
96,re,1.0,1.0,2.0,3.0,0.0,12.0,2.0,1,1.8033170340283027e-12,0.9997394473429697,0.00026055265522693564
96,cam,1.0,2.0,1.0,0.0,1.0,13.0,1.0,2,1.5447252430249364e-11,0.00021786155411219706,0.9997821384304407
96,pis,1.0,1.0,3.0,1.0,0.0,14.0,0.0,2,3.8987721055738695e-10,0.2706192239971711,0.7293807756129517
97,non,1.0,2.0,4.0,0.0,0.0,0.0,17.0,2,2.7200646796970204e-11,0.00033522928135484663,0.9996647706914441
97,po,1.0,1.0,4.0,0.0,3.0,1.0,16.0,1,1.0437148480467704e-09,0.8473538890208301,0.1526461099354551
97,tu,1.0,0.0,5.0,1.0,2.0,2.0,15.0,1,6.7137240633763885e-09,0.9937838987254753,0.006216094560800746
97,is,1.0,2.0,3.0,2.0,1.0,3.0,14.0,2,1.6681319437980446e-10,0.0027628705412092594,0.9972371292919778
97,se,1.0,1.0,2.0,3.0,0.0,4.0,13.0,1,8.507296141194305e-10,0.9008459708144844,0.09915402833478604
97,tu,1.0,0.0,5.0,0.0,2.0,5.0,12.0,1,1.00295883713088e-09,0.9997504243467723,0.00024957465026849315
97,a,1.0,1.0,1.0,1.0,1.0,6.0,11.0,1,2.9685433173486256e-09,0.6694861257647267,0.33051387126673
97,que,0.0,0.0,2.0,2.0,0.0,7.0,10.0,0,0.9999986009982658,1.3261965871950646e-06,7.28051478078783e-08
97,a,1.0,1.0,1.0,0.0,2.0,8.0,9.0,1,1.774011269572576e-10,0.9963364687256917,0.0036635310969070577
97,ni,1.0,1.0,3.0,1.0,1.0,9.0,8.0,1,5.125579074420494e-10,0.8385871871050399,0.1614128123824023
97,mam,0.0,0.0,1.0,2.0,0.0,10.0,7.0,0,0.999999976386626,1.623591831561244e-08,7.377455816187549e-09
97,hanc,1.0,2.0,1.0,0.0,0.0,11.0,6.0,2,1.3787008353784487e-09,0.014904355242596418,0.9850956433787027
97,ef,1.0,2.0,2.0,0.0,3.0,12.0,5.0,2,6.800193190440254e-12,0.00043254064010035914,0.9995674593530995
97,fun,1.0,2.0,5.0,1.0,2.0,13.0,4.0,2,1.2488756378523632e-10,0.005082371008896574,0.9949176288662159
97,de,1.0,1.0,2.0,2.0,1.0,14.0,3.0,1,3.6119470631582707e-12,0.9980973692867368,0.00190263070965136
97,re,1.0,1.0,2.0,3.0,0.0,15.0,2.0,1,4.965107403607325e-12,0.9793759538924984,0.020624046102536358
97,dext,1.0,3.5,2.0,0.0,1.0,16.0,1.0,2,2.949845410587952e-11,0.001143277789624368,0.9988567221808771
97,ra,1.0,0.0,1.0,1.0,0.0,17.0,0.0,1,2.803827609254242e-09,0.9417031636830995,0.05829683351307288
98,sae,2.0,1.0,7.0,0.0,1.0,0.0,17.0,2,1.0394110229114918e-11,5.26516352719404e-05,0.9999473483543337
98,vus,1.0,1.0,5.0,1.0,0.0,1.0,16.0,2,1.5965805951952123e-09,0.4505477506344481,0.5494522477689714
98,u,1.0,1.0,5.0,0.0,1.0,2.0,15.0,1,1.0289256215318744e-09,0.7105886803448793,0.2894113186261952
98,bi,0.0,0.0,3.0,1.0,0.0,3.0,14.0,0,0.9997660827046428,0.00022074317647276739,1.3174118884689432e-05
98,ae,2.0,0.0,7.0,0.0,3.0,4.0,13.0,1,3.150062840181467e-08,0.578092276094968,0.4219076924044037
98,a,1.0,1.0,1.0,1.0,2.0,5.0,12.0,1,2.666787735605498e-10,0.995137795872904,0.004862203860417443
98,ci,1.0,1.0,3.0,2.0,1.0,6.0,11.0,1,1.090946774154359e-09,0.8488332992696622,0.15116669963939106
98,dae,2.0,1.0,7.0,3.0,0.0,7.0,10.0,2,2.512628846636576e-10,0.00935817264721573,0.9906418271015215
98,te,1.0,1.0,2.0,0.0,1.0,8.0,9.0,1,8.21941125441802e-10,0.9509402754002987,0.04905972377776017
98,lo,1.0,1.0,4.0,1.0,0.0,9.0,8.0,2,4.437921075835394e-10,0.33376976551987125,0.6662302340363366
98,ja,1.0,1.0,1.0,0.0,1.0,10.0,7.0,1,4.9612624530005595e-09,0.5655499776906023,0.43445001734813526
98,cet,1.0,1.0,2.0,1.0,0.0,11.0,6.0,1,6.947942045828705e-09,0.6193582364867259,0.380641756565332
98,hec,1.0,2.0,2.0,0.0,1.0,12.0,5.0,2,2.313690821527393e-11,0.002758168440674445,0.9972418315361886
98,tor,1.0,1.0,4.0,1.0,0.0,13.0,4.0,2,2.2152869000590474e-10,0.01809598051623373,0.9819040192622375
98,u,1.0,1.0,5.0,0.0,1.0,14.0,3.0,1,1.733176961401006e-10,0.6930143274146301,0.30698567241205216
98,bi,0.0,0.0,3.0,1.0,0.0,15.0,2.0,0,0.8695019509185894,0.10823739236115432,0.022260656720255977
98,in,1.0,2.0,3.0,0.0,1.0,16.0,1.0,2,1.3255349550662976e-11,0.00013867870079752127,0.9998613212859472
98,gens,1.0,2.0,2.0,1.0,0.0,17.0,0.0,2,1.497060940121118e-10,0.13460903088353335,0.8653909689667605
99,sar,1.0,2.0,1.0,0.0,2.0,0.0,14.0,2,1.667172979583087e-10,0.0010930206710160453,0.9989069791622666
99,pe,1.0,1.0,2.0,1.0,1.0,1.0,13.0,1,4.064549164485626e-09,0.7356793700702573,0.26432062586519356
99,don,1.0,1.0,4.0,2.0,0.0,2.0,12.0,1,6.426758064106604e-10,0.7911617428229445,0.20883825653437973
99,u,1.0,1.0,5.0,0.0,1.0,3.0,11.0,2,2.68060970055628e-09,0.17666208615044643,0.8233379111689438
99,bi,1.0,1.0,3.0,1.0,0.0,4.0,10.0,2,3.738790305997306e-09,0.4344994726929614,0.5655005235682483
99,tot,1.0,2.0,4.0,0.0,0.0,5.0,9.0,2,9.870397051104296e-11,0.0008992878305381204,0.9991007120707581
99,si,1.0,1.0,3.0,0.0,2.0,6.0,8.0,1,2.455340482865496e-09,0.6770357712892694,0.32296422625539023
99,mo,1.0,0.0,4.0,1.0,1.0,7.0,7.0,1,6.2687582558589455e-09,0.9656720336554298,0.03432796007581203
99,is,1.0,2.0,3.0,2.0,0.0,8.0,6.0,2,6.305091634795911e-11,0.001615925293760191,0.998384074643189
99,cor,1.0,2.0,4.0,0.0,2.0,9.0,5.0,2,7.988185349320456e-12,0.0010165469971776021,0.9989834529948342
99,rep,1.0,2.0,2.0,1.0,1.0,10.0,4.0,2,4.381105898338576e-11,0.005065176063651736,0.9949348238925373
99,ta,1.0,1.0,1.0,2.0,0.0,11.0,3.0,1,7.730513365483408e-12,0.9965515501194102,0.0034484498728592126
99,sub,1.0,1.0,5.0,0.0,0.0,12.0,2.0,1,1.301533158009037e-10,0.8953860997044805,0.1046139001653662
99,un,1.0,2.0,5.0,0.0,1.0,13.0,1.0,2,1.3380596909463864e-11,0.00038948761550819085,0.9996105123711113
99,dis,1.0,1.0,3.0,1.0,0.0,14.0,0.0,2,3.8987721055738695e-10,0.2706192239971711,0.7293807756129517
